statute_id,type,year,has_enacted,has_consolidated,n_effects,n_effect_feed_pages,enacted_url,current_url,enacted_source_status,oracle_source_status,enacted_source_size,oracle_source_size,enacted_source_sha256,oracle_source_sha256
asc/2020/1,asc,2020,True,True,3,3,https://www.legislation.gov.uk/asc/2020/1/enacted/data.xml,https://www.legislation.gov.uk/asc/2020/1/data.xml,available,available,175326,252625,b64a6ead50061e3c674f032d803e9ae20c13c057d212128df57b9c9629957a44,fc28d540661a7c07ce3180410f5a319d3cedf736acc21682cf1fb0008526a8eb
asc/2021/1,asc,2021,True,True,15,15,https://www.legislation.gov.uk/asc/2021/1/enacted/data.xml,https://www.legislation.gov.uk/asc/2021/1/data.xml,available,available,1218281,1659620,13869d31727ad612aae9e3669ba6e43151df3acce188c6b566d2722a3c556274,93fa1007a24bcb1dd1acb22883f7f52edb6796efdcfc1cf5cadbcea45e8b8e16
asp/1999/1,asp,1999,True,True,1,1,https://www.legislation.gov.uk/asp/1999/1/enacted/data.xml,https://www.legislation.gov.uk/asp/1999/1/data.xml,available,available,24159,10373,82150ec1b640baa77ddde9f32ac355d70d27a5e90df2ef5ec30aa396644f16e5,5b1d07a3ed111a427a0cacd68d70699f79441a81afa53835f92471168bbc2248
asp/2000/1,asp,2000,True,True,2,2,https://www.legislation.gov.uk/asp/2000/1/enacted/data.xml,https://www.legislation.gov.uk/asp/2000/1/data.xml,available,available,222310,382648,4acfe606682f93445620281e394853a08f48f3ba3da1babf628e53820fdc20f0,99f3285732536cecebba9706775313728027e8fefaf58a1ba03d945dc5209121
asp/2000/4,asp,2000,True,True,6,6,https://www.legislation.gov.uk/asp/2000/4/enacted/data.xml,https://www.legislation.gov.uk/asp/2000/4/data.xml,available,available,570133,1111894,936b92d0fb119a5b36bd08fafbdb1a38b59ef4f8a6a84320d6c0c00272e97cc2,e05efcfe47e4630bf02be3957724c273eebcdffa3696441538c205a717de8958
asp/2010/1,asp,2010,True,True,4,4,https://www.legislation.gov.uk/asp/2010/1/enacted/data.xml,https://www.legislation.gov.uk/asp/2010/1/data.xml,available,available,351979,488787,bd3415028d812eae9b9ee2fe5ef5695b66104d94ea25c06d86ac30c0048a95b4,341714131456b6e40f8eea56722f061bc2148ccc7f472d28a8dc9a0fbd7cd6c7
asp/2010/13,asp,2010,True,True,11,11,https://www.legislation.gov.uk/asp/2010/13/enacted/data.xml,https://www.legislation.gov.uk/asp/2010/13/data.xml,available,available,1505530,2161996,2dc755d58511091991dad2438647eb9e8f793193c255e1aa1df66d4eed728e17,95cc28dd90aae0a8dd47284ebcfae2352e78e0d0611ca27a86c5c00932874ac8
asp/2020/1,asp,2020,True,True,1,1,https://www.legislation.gov.uk/asp/2020/1/enacted/data.xml,https://www.legislation.gov.uk/asp/2020/1/data.xml,available,available,110271,29016,e6e520703ad41ab596b7fa6d41b2bd05f258b48755e6f92a4798d97df0ea55a7,cc6c64b53215c72ccd1053dd83ac1ac36ed17390ba7a8d7f9337c464994e743b
asp/2020/13,asp,2020,True,True,9,9,https://www.legislation.gov.uk/asp/2020/13/enacted/data.xml,https://www.legislation.gov.uk/asp/2020/13/data.xml,available,available,805500,1412091,aab1e668614b6c120fd10eaa805cba5a6306d4f6ac067b0bf16620bab9d561c9,1a82ad6d54e2c776d0602fc07a6f86204a3b0e9f7569296392d458ccc8e6acfe
nia/2000/1,nia,2000,True,True,1,1,https://www.legislation.gov.uk/nia/2000/1/enacted/data.xml,https://www.legislation.gov.uk/nia/2000/1/data.xml,available,available,10954,14057,db430f5c75a3b3f2fde13803d33737d2828449d3bc264daf7348c65b53a505d9,12f7c21f923b9580f4d8d0177caa087a39b42ba7e8ccecc2da7abfbb436c7dbe
nia/2007/2,nia,2007,True,True,8,8,https://www.legislation.gov.uk/nia/2007/2/enacted/data.xml,https://www.legislation.gov.uk/nia/2007/2/data.xml,available,available,592530,1606980,c25f239adf19164f0355e610e8bf9ded0e6460da632d9b8ef1772b7ad13185c1,c95750538e96af5828ba35c182c3937e51f4ee5cc0675709b1c1bdf7278520f2
nia/2010/1,nia,2010,True,True,1,1,https://www.legislation.gov.uk/nia/2010/1/enacted/data.xml,https://www.legislation.gov.uk/nia/2010/1/data.xml,available,available,83121,85277,7d7f3eeb7ae05442dc165e2dfe03a11ff24c3c6f7a2f0578d340b912211d6a7b,9d6741cd7cae53188764bbec4f948faadf8efe115db53a95ce383c4ca0f1360c
nia/2010/2,nia,2010,True,True,7,7,https://www.legislation.gov.uk/nia/2010/2/enacted/data.xml,https://www.legislation.gov.uk/nia/2010/2/data.xml,available,available,354572,788712,49a3580346be6fc9475f9d9d1dee9f73aa7d13d41dc3695cedce5d7c4baacddf,e2e62454ff00cae77921336378c81b1d7be7983712a516a153646ee0515ced7a
nia/2020/1,nia,2020,True,True,1,1,https://www.legislation.gov.uk/nia/2020/1/enacted/data.xml,https://www.legislation.gov.uk/nia/2020/1/data.xml,available,available,158984,158984,d3b7adbc9caa556fc2d3889f20dc183df4206fea91a32e489c89e7e0098d7f49,d3b7adbc9caa556fc2d3889f20dc183df4206fea91a32e489c89e7e0098d7f49
nia/2021/6,nia,2021,True,True,6,6,https://www.legislation.gov.uk/nia/2021/6/enacted/data.xml,https://www.legislation.gov.uk/nia/2021/6/data.xml,available,available,316444,579616,3b6f9c63a55a8915fbab08f484f3fe925007253a6074c68718a478185819b514,93292fa361806ee11be4a5dd4eb8b46f6e178b8aec677d60c3e2056e39c01510
ukpga/1990/10,ukpga,1990,True,True,4,4,https://www.legislation.gov.uk/ukpga/1990/10/enacted/data.xml,https://www.legislation.gov.uk/ukpga/1990/10/data.xml,available,available,341126,702974,73527c74b067c712534ba6453acb327bc62933e2fc6987c8a45ee6acfbf21fed,c493e5aa9fcbde528f3a6d52851977c8195d4a24daeae6192c0abc54cc780f7c
ukpga/1990/16,ukpga,1990,True,True,80,80,https://www.legislation.gov.uk/ukpga/1990/16/enacted/data.xml,https://www.legislation.gov.uk/ukpga/1990/16/data.xml,available,available,470330,4260930,c76ab883b846a5fb1658aa99c83a30d7f71f795134f3a33efc7a9240718c6f8f,d23eecfe5f2c8672294a50271b389b132cf6be6d30c076087e2f6308cafedba1
ukpga/1990/1,ukpga,1990,True,True,11,11,https://www.legislation.gov.uk/ukpga/1990/1/enacted/data.xml,https://www.legislation.gov.uk/ukpga/1990/1/data.xml,available,available,1011149,168439,f033abf0f9d12e33cd59f9a5f403746ae9a7ed6ca16808eb07959ec56e168f94,6d09248436e701734b350fe1b2c02bca4257ccd1338aaa32049647763133d23e
ukpga/2000/1,ukpga,2000,True,True,1,1,https://www.legislation.gov.uk/ukpga/2000/1/enacted/data.xml,https://www.legislation.gov.uk/ukpga/2000/1/data.xml,available,available,72140,111006,788beae84c2f11a7f430ccb25d82b1711de9bd97ff97f63df1e72c6cda1af816,47fab8783e5b0b3ab5c4d641a4309c583edf2e5549b3fa95ef26f3ff7b8f4460
ukpga/2000/22,ukpga,2000,True,True,27,27,https://www.legislation.gov.uk/ukpga/2000/22/enacted/data.xml,https://www.legislation.gov.uk/ukpga/2000/22/data.xml,available,available,879159,3389282,31558c905e5cc5e35c22f9e713d0d1bf8fc39b5e00b0f18228e34e5d30ff7adb,1f1672e67376b2d29cf7528f0403d3de661cf61e898995c53a0361a5939f3205
ukpga/2000/11,ukpga,2000,True,True,23,23,https://www.legislation.gov.uk/ukpga/2000/11/enacted/data.xml,https://www.legislation.gov.uk/ukpga/2000/11/data.xml,available,available,1540554,4124501,292fd1801b3761a1766f48192ce4f0de7c4050fc474997f0df22e2ec0cf307d3,92ab9631e0c9b5537434c031882a53769b5d5a7c68bc7777e5c97d845adb3d51
ukpga/2010/1,ukpga,2010,True,True,1,1,https://www.legislation.gov.uk/ukpga/2010/1/enacted/data.xml,https://www.legislation.gov.uk/ukpga/2010/1/data.xml,available,available,19019,20240,dd500ec1664f27196ff5747dc49b83fe3f5c5277f457f8f17019df5e2b49ebdd,14c7a8aa395caee58bdd7ad1c9676da8c94852f595870cf8e19dcb03e6789761
ukpga/2010/4,ukpga,2010,True,True,43,43,https://www.legislation.gov.uk/ukpga/2010/4/enacted/data.xml,https://www.legislation.gov.uk/ukpga/2010/4/data.xml,available,available,5906111,13901606,aa9d916864cf9d9caf9f5e36922143828940e9903b6794753ce6a8d164e3882c,e046de8c8630fab820cc7202e87d13bc9e7e7cabc630118c9fb8db233370c2e3
ukpga/2010/15,ukpga,2010,True,True,25,25,https://www.legislation.gov.uk/ukpga/2010/15/enacted/data.xml,https://www.legislation.gov.uk/ukpga/2010/15/data.xml,available,available,2044958,3556408,5d6fcd9bc3d80dba3bf0b2303c57bfdb4da6c7f9b416efe462d1ee5ab56805ed,963b575e0222eda5a0aaaa2c603db4df97b71a567a2d64432df0fdf29a4ac667
ukpga/2020/1,ukpga,2020,True,True,5,5,https://www.legislation.gov.uk/ukpga/2020/1/enacted/data.xml,https://www.legislation.gov.uk/ukpga/2020/1/data.xml,available,available,679937,855574,936b29cfdbc1761029f32545d0894ace21658687514f5201f0a79e6f1e9911c0,5b3cfae3153ad497e11b17ddffa04fec44ec2b041512b991e410276283f4f89c
ukpga/2020/17,ukpga,2020,True,True,53,53,https://www.legislation.gov.uk/ukpga/2020/17/enacted/data.xml,https://www.legislation.gov.uk/ukpga/2020/17/data.xml,available,available,5689838,8126157,1e8847813000ab03d175529dd93a75b5a8c92391aac9ec78a4ee15cf231d4b78,f960734fd7529d244c260f57c43d3f4ed9ba2a064a5143e0dac8374b73bec4e1
ukpga/2020/7,ukpga,2020,True,True,12,12,https://www.legislation.gov.uk/ukpga/2020/7/enacted/data.xml,https://www.legislation.gov.uk/ukpga/2020/7/data.xml,available,available,2572321,1269181,e1a4a180f83591b2751bbd7b6d45c55e8a189ef6aec9c07b8e2f05b45017048b,cd1ff8a033567b623751982dcd99c77769ea25b09b4170c2c4ab433a72da1ca0
asc/2020/2,asc,2020,True,True,1,1,https://www.legislation.gov.uk/asc/2020/2/enacted/data.xml,https://www.legislation.gov.uk/asc/2020/2/data.xml,available,available,60876,76165,8fb8ee6a1c9b68530505364975a0cabfaadf37bda90187c4d74fcbf895907328,87bd1e673fe976a1a84c1783ca2d8984180128e3f503e5004a14be9dcafdf536
asc/2021/4,asc,2021,True,True,10,10,https://www.legislation.gov.uk/asc/2021/4/enacted/data.xml,https://www.legislation.gov.uk/asc/2021/4/data.xml,available,available,531959,772723,9c42c21c995c34c03559ec7d38ce592a022205cf33e2ec8429ae7a8d9591af2e,0a39adc3578c087e39940f3ec864ae9cc7534d5c6b22d9ff231597705689b234
asp/2000/10,asp,2000,True,True,1,1,https://www.legislation.gov.uk/asp/2000/10/enacted/data.xml,https://www.legislation.gov.uk/asp/2000/10/data.xml,available,available,283121,290541,aa10a17835084d1af6c0ca02ed60dc816f2e52698ae4c6ba627e2a080e4771d1,ed95840b8109a235a1ace566f204112f7d10b803c0b061ea475639a8edbc2f60
asp/2000/5,asp,2000,True,True,6,6,https://www.legislation.gov.uk/asp/2000/5/enacted/data.xml,https://www.legislation.gov.uk/asp/2000/5/data.xml,available,available,642762,922015,58e7987ac63be71e0cfc54b390ce1ca89fa4bb63376f601789720ef86a779ee3,ddce1339b8b019eb5b09e40aff07354530c60e71d6787f6c6341d2079b9fec02
asp/2010/10,asp,2010,True,True,4,4,https://www.legislation.gov.uk/asp/2010/10/enacted/data.xml,https://www.legislation.gov.uk/asp/2010/10/data.xml,available,available,209217,486823,efec2b62762f2f2b8a2fd9efd7ceaf0a748520f3b3dbb8fa909c24f92ec53543,97eacbdf38390ab63e79732c2713ad80de28e502c10a18773936e524e533391d
asp/2010/16,asp,2010,True,True,7,7,https://www.legislation.gov.uk/asp/2010/16/enacted/data.xml,https://www.legislation.gov.uk/asp/2010/16/data.xml,available,available,948993,1241402,67bc0e4cc16d53da3da9e458aa8f67ad30f3f0935fe925a24b0c523e8f2c7ca0,fa057f5b3af2bf9d49cdd93fd789c0412baaa2ad09a768174a4722386c6915e2
asp/2020/10,asp,2020,True,True,2,2,https://www.legislation.gov.uk/asp/2020/10/enacted/data.xml,https://www.legislation.gov.uk/asp/2020/10/data.xml,available,available,260657,178000,83a22a5728d47c453e24e7994a400299a36bad23e7f247fbd37b5d6830296bee,8c6a269b08706fef8aa2c774d8a83101afe08b8bddc57af74015a0860f968f1d
asp/2023/3,asp,2023,True,True,6,6,https://www.legislation.gov.uk/asp/2023/3/enacted/data.xml,https://www.legislation.gov.uk/asp/2023/3/data.xml,available,available,652939,850334,86436bc7c53471c4fba206c1ecdc254f984b3d93ce2111fa5bf67d28bf743f14,9d43d27211ad026d731a0e0892002261f2751d13f74cbc0373f8e5e3f582021a
nia/2000/2,nia,2000,True,True,1,1,https://www.legislation.gov.uk/nia/2000/2/enacted/data.xml,https://www.legislation.gov.uk/nia/2000/2/data.xml,available,available,26402,26402,3223d359190d1ba9cc8138e45c1bc1423101cb8b2438d60eb2c290dd9fc229b1,3223d359190d1ba9cc8138e45c1bc1423101cb8b2438d60eb2c290dd9fc229b1
nia/2008/12,nia,2008,True,True,9,9,https://www.legislation.gov.uk/nia/2008/12/enacted/data.xml,https://www.legislation.gov.uk/nia/2008/12/data.xml,available,available,1248517,1485592,207eaee3a06eac6c047a0371a116e78a291000f89ca202b553b0a83cd3d6144a,a2d053a8b2ad776c364e785907bcbc1d3c6c72ec4cbec5f91ea95e18998d8a58
nia/2010/10,nia,2010,True,True,1,1,https://www.legislation.gov.uk/nia/2010/10/enacted/data.xml,https://www.legislation.gov.uk/nia/2010/10/data.xml,available,available,164022,188266,fe8477c02f240035c944e8b41f593f330c1bbed71ef133b5014548e90e65cca0,8f350ad97841d94215c1355dc0065063e66e717a33c6cb3caf0e7c32b80f89ce
nia/2011/25,nia,2011,True,True,19,19,https://www.legislation.gov.uk/nia/2011/25/enacted/data.xml,https://www.legislation.gov.uk/nia/2011/25/data.xml,available,available,1470587,2432185,04471330dd5f0307d0f6ff3da933d9bab4d4bd352532920497f6be107a5e9857,d9858f9062f0d0682fbb1b74e229c6fbaeecd792cd63e97b12e07b4b400683aa
nia/2020/2,nia,2020,True,True,1,1,https://www.legislation.gov.uk/nia/2020/2/enacted/data.xml,https://www.legislation.gov.uk/nia/2020/2/data.xml,available,available,19066,20468,e223584a172e6288c0c8166ef8b95d07c0945c8e6f624fb2b5259f9a5b9d39bf,13c60ea0e6a19b08562359d0d6b4fdfc75f9b237e19d17b6a89c244f751119c6
nia/2022/18,nia,2022,True,True,6,6,https://www.legislation.gov.uk/nia/2022/18/enacted/data.xml,https://www.legislation.gov.uk/nia/2022/18/data.xml,available,available,917930,1031928,5139003be34e9040d88e26d953511dc2e418f9d0240faeb2c3a310291d7861fa,01fbd7edc9511f7c7236efe30adfe707b137a63312203e244d04806cad33e5db
ukpga/1990/11,ukpga,1990,True,True,1,1,https://www.legislation.gov.uk/ukpga/1990/11/enacted/data.xml,https://www.legislation.gov.uk/ukpga/1990/11/data.xml,available,available,366000,389433,6ff833683a633c0bdc8d88d9cbb579b8386a6276d4fa94719caea383d3c39f84,f1b7119a5e394f31993a6ccec367ee0d0b2674a408c831768495341413f48147
ukpga/1990/43,ukpga,1990,True,True,39,39,https://www.legislation.gov.uk/ukpga/1990/43/enacted/data.xml,https://www.legislation.gov.uk/ukpga/1990/43/data.xml,available,available,1703683,5894731,faa0c56d7b5acf073d4ffecce6125272a2cadf14060f1f85d84a69d85bcbdbef,908b194e866b2d6cc9b96a5f935d708664e207dbae21ba4e069af72d86d346c3
ukpga/1990/19,ukpga,1990,True,True,10,10,https://www.legislation.gov.uk/ukpga/1990/19/enacted/data.xml,https://www.legislation.gov.uk/ukpga/1990/19/data.xml,available,available,875508,982687,27113d4b535eb179c07ef3216ab8c2eeef297e5e63695b79ec0302cc61c03037,7779ce909a091607b16fc81def418f09d197802aba0d0331e52422ea449891cc
ukpga/2000/10,ukpga,2000,True,True,1,1,https://www.legislation.gov.uk/ukpga/2000/10/enacted/data.xml,https://www.legislation.gov.uk/ukpga/2000/10/data.xml,available,available,12445,120098,3bea2b9b41125e1c1afcb720e1f4e089ab7b6a3cb624106e9d0e37090b8522e9,7ba926bbe763056a3592b2e0c31192eef8af01dc0e5c6fb73178e4e17d2da1e8
ukpga/2000/38,ukpga,2000,True,True,30,30,https://www.legislation.gov.uk/ukpga/2000/38/enacted/data.xml,https://www.legislation.gov.uk/ukpga/2000/38/data.xml,available,available,3036974,7133585,e3d35cbc3fc4847221cbcbfb1079584100df8fe11c6426ea228c41ca782ba3c7,384761e90ec21cf650ee7372c175151cf5717260d2c92a1b9a84b205f3c108c5
ukpga/2000/14,ukpga,2000,True,True,21,21,https://www.legislation.gov.uk/ukpga/2000/14/enacted/data.xml,https://www.legislation.gov.uk/ukpga/2000/14/data.xml,available,available,808950,1882195,a8b0808013b15c5c93c0298a3752407cb7c8a458620497e931063b058b235adf,d78fe2b6dd8d2db37217e8147bcb99f30688e068dd6f369e483491430584af3c
ukpga/2010/10,ukpga,2010,True,True,3,3,https://www.legislation.gov.uk/ukpga/2010/10/enacted/data.xml,https://www.legislation.gov.uk/ukpga/2010/10/data.xml,available,available,157953,277719,d04453d460eef3e6cfc1869786f80f811c52ade3fa7dcd43ece6ab3a5b65d6c5,86eb94459f07a2f708c9dd20794a7b1cc393705e559ac6d85a02f45fabf2fe2c
ukpga/2011/13,ukpga,2011,True,True,26,26,https://www.legislation.gov.uk/ukpga/2011/13/enacted/data.xml,https://www.legislation.gov.uk/ukpga/2011/13/data.xml,available,available,1922866,3517339,19177cb108146530841d6e0a513c73ffabddd362b34604529260c3c38eb71990,f2c21fc3e93c54e6d924cfb95ea78a36fb99127d0b4c70c107586c3d3f455f6d
ukpga/2010/29,ukpga,2010,True,True,9,9,https://www.legislation.gov.uk/ukpga/2010/29/enacted/data.xml,https://www.legislation.gov.uk/ukpga/2010/29/data.xml,available,available,594526,1038926,4ed85312ed8733f7cfe9aa2b0275d13321213c5581a45ef459a0f4bf1dfc7df4,a74acc331e847a47d5695064373bc6f48d27f1ff3cfe9d6f5e69f5e4233096a3
ukpga/2020/10,ukpga,2020,True,True,1,1,https://www.legislation.gov.uk/ukpga/2020/10/enacted/data.xml,https://www.legislation.gov.uk/ukpga/2020/10/data.xml,available,available,227452,225392,5b2c40047f825cc6602ea35f4a65156750fb4120da7e9dc8771904619bc30ae5,1990df5431abcb42bed4a37b09c84d251dbb98264ab00f25a94b537e69867b65
ukpga/2022/31,ukpga,2022,True,True,32,32,https://www.legislation.gov.uk/ukpga/2022/31/enacted/data.xml,https://www.legislation.gov.uk/ukpga/2022/31/data.xml,available,available,1829644,3232950,aa11a93d00eba783efff8951476feb8ad0bd074eb8d45c1b885577bb3f739673,63ee0da2b6f248ceb60ea8893fee9afce5606846a591f806b838424965e6fc91
ukpga/2021/1,ukpga,2021,True,True,10,10,https://www.legislation.gov.uk/ukpga/2021/1/enacted/data.xml,https://www.legislation.gov.uk/ukpga/2021/1/data.xml,available,available,1525750,1742345,467bcdba1427f6832626e3145c3c2021e23c8efb96f8ed3e2255e21dab23c5bd,00b3c94261bd90a88851d3558113bb16d2dc2211c832382004487019d25f33d4
asc/2021/2,asc,2021,True,True,1,1,https://www.legislation.gov.uk/asc/2021/2/enacted/data.xml,https://www.legislation.gov.uk/asc/2021/2/data.xml,available,available,75415,19366,6cc38716c094eedc3ba8bd2da306e9f6b453349f36e230afbac20a4be2cdcf61,752974f3a9d23b6bfb053b214a01c92cab15fa5abf956368c5b6144500aee691
asc/2022/1,asc,2022,True,True,8,8,https://www.legislation.gov.uk/asc/2022/1/enacted/data.xml,https://www.legislation.gov.uk/asc/2022/1/data.xml,available,available,1456372,1756732,f4391e0abba49ebc219ad998b68757e59ea0da9eaa331ace95b5dc4aa4ce8899,e37b0bb8d84281da679926cf3877b8be66979a59f4eee7758686be1798f85e1e
asp/2000/11,asp,2000,True,True,3,3,https://www.legislation.gov.uk/asp/2000/11/enacted/data.xml,https://www.legislation.gov.uk/asp/2000/11/data.xml,available,available,160764,338592,04ccd24b38d2b58b62ae5161da96dc2b093c655d1866b899026dca0032777004,2dc5273b36b9373809afbb70800d790e49a796cfa4fd4729336ee732c7e1db91
asp/2001/10,asp,2001,True,True,6,6,https://www.legislation.gov.uk/asp/2001/10/enacted/data.xml,https://www.legislation.gov.uk/asp/2001/10/data.xml,available,available,916618,1126051,7078ec617020ef1f794f8386b07edee5ce393b7ec941eb440811cb70f2c13de5,a9555017569a8defc2455ad59c71af79337ca0f053e62fed76e8fed60535760c
asp/2010/11,asp,2010,True,True,3,3,https://www.legislation.gov.uk/asp/2010/11/enacted/data.xml,https://www.legislation.gov.uk/asp/2010/11/data.xml,available,available,302056,448508,9988b4019e8c73f5390e66efea0cde29d290d592ec31babb138922d44fc21c94,7ef682e716fd5cd111ab00cf5cd27b1b4d5a40d2f1c8aaad8faa01a9f9a4b75b
asp/2010/17,asp,2010,True,True,7,7,https://www.legislation.gov.uk/asp/2010/17/enacted/data.xml,https://www.legislation.gov.uk/asp/2010/17/data.xml,available,available,608380,1006063,9c349603e7c4f12988988ba3337a19bd396ec298f167399e07fcf9cf187083b3,c529cb8603e04432c791ebccd4dc8afc8dbbfd92b9341dfac3d9f88b71b25e1a
asp/2020/11,asp,2020,True,True,1,1,https://www.legislation.gov.uk/asp/2020/11/enacted/data.xml,https://www.legislation.gov.uk/asp/2020/11/data.xml,available,available,138637,180422,63fce8b9e2751cc144cd34ad1f45c3d1a0cd08c16638c0809e1e251d17f90fe1,f09fc259addb219638f3dda91036c2419bb49e341e734b801917a2fe7bb50803
asp/2025/11,asp,2025,True,True,6,6,https://www.legislation.gov.uk/asp/2025/11/enacted/data.xml,https://www.legislation.gov.uk/asp/2025/11/data.xml,available,available,511777,713278,4fb83cf49518e351964628492b3d52219d89ea43d00b261d50593b95661749b3,15c657b73080373f4b04b695234cc5099082c98230456a8db023e3ee1967b4bd
nia/2000/3,nia,2000,True,True,1,1,https://www.legislation.gov.uk/nia/2000/3/enacted/data.xml,https://www.legislation.gov.uk/nia/2000/3/data.xml,available,available,23416,24052,e0b1a2f825ca1f6bfb864357867970ee8ce379ef767f79d128a277d07ef2374a,9ab6ba28eda84aca6a4fc8bc6709d315cdafbe763398296b4fd00c4f1036b3b5
nia/2008/13,nia,2008,True,True,11,11,https://www.legislation.gov.uk/nia/2008/13/enacted/data.xml,https://www.legislation.gov.uk/nia/2008/13/data.xml,available,available,845000,1348825,be089c3b0c21d70a801bf0c00cb7c7bec90655c0bbbb3712bdb99c3aeac9084b,cb904f136a2610a5f2ec59cfade80150ab896fedae368b35cdc30a6c350ce91b
nia/2010/11,nia,2010,True,True,1,1,https://www.legislation.gov.uk/nia/2010/11/enacted/data.xml,https://www.legislation.gov.uk/nia/2010/11/data.xml,available,available,70358,14111,74df79fee6949805598ccc667dd3d3793ff85d9274188205a2f4384766fec3f4,f0c33f96f012f4a20eb6945ff61ef4529a0ad25478f6bc215e12f21b7545b5d0
nia/2014/8,nia,2014,True,True,6,6,https://www.legislation.gov.uk/nia/2014/8/enacted/data.xml,https://www.legislation.gov.uk/nia/2014/8/data.xml,available,available,663450,926915,25c361e5a3cf47cb30a1e24e95c3c7ec218f835ba13c42322a232809f11bbe10,faa8530a6935830abbf2b8d9f33baa4d74af389cafc41522c9294d467ea4ef8c
nia/2020/3,nia,2020,True,True,1,1,https://www.legislation.gov.uk/nia/2020/3/enacted/data.xml,https://www.legislation.gov.uk/nia/2020/3/data.xml,available,available,74336,74336,13841e31cd957748b7ea56d792d813dd918b56f4d72f4e319c90026b837bcdfe,13841e31cd957748b7ea56d792d813dd918b56f4d72f4e319c90026b837bcdfe
nia/2022/3,nia,2022,True,True,6,6,https://www.legislation.gov.uk/nia/2022/3/enacted/data.xml,https://www.legislation.gov.uk/nia/2022/3/data.xml,available,available,513472,865595,35a26085cf2a4f38a34cc88dec424309875166b4484a4185552d555bd1694719,3515bdf4282f5d3e13904c74e4cbb42574d1ba6619418ea0e1e5b4cd316d75b8
ukpga/1990/12,ukpga,1990,True,True,1,1,https://www.legislation.gov.uk/ukpga/1990/12/enacted/data.xml,https://www.legislation.gov.uk/ukpga/1990/12/data.xml,available,available,31170,31716,ea06a52bf65b7a38184994e0b45c858519b280acf250028a26f93e2af6278bb0,ac7d4c798d9ba3ff953a326ef656be2345e51caa5e610c879ab2ef451af6e763
ukpga/1990/8,ukpga,1990,True,True,69,69,https://www.legislation.gov.uk/ukpga/1990/8/enacted/data.xml,https://www.legislation.gov.uk/ukpga/1990/8/data.xml,available,available,3176327,11764470,69665582ec7a1c033099af387d099dd244ed5d494787f367d7c5cfc1e2efd813,4765c77e134517073634e99e5414a833933b97bcc8a478c1a6cdd3e5d76fc414
ukpga/1990/37,ukpga,1990,True,True,10,10,https://www.legislation.gov.uk/ukpga/1990/37/enacted/data.xml,https://www.legislation.gov.uk/ukpga/1990/37/data.xml,available,available,326234,1956244,d224798ac684d0c24250340720e917202f7b7a6cadfa036a79a90516c277414c,21cab7c5bfe87ba043da12a6e8399ce298e77a83bd625f696d4e6fe4c17d8bde
ukpga/2000/12,ukpga,2000,True,True,2,2,https://www.legislation.gov.uk/ukpga/2000/12/enacted/data.xml,https://www.legislation.gov.uk/ukpga/2000/12/data.xml,available,available,112918,206623,38f588f7fc6149aeaf15c883ed6977c2107803885702e6b5ee1f58b041cf09f0,deaf0e613b0b5330f1d1799b3b006dad5932a09542698666c0a2ccd45a5fcbf1
ukpga/2000/41,ukpga,2000,True,True,34,34,https://www.legislation.gov.uk/ukpga/2000/41/enacted/data.xml,https://www.legislation.gov.uk/ukpga/2000/41/data.xml,available,available,2069507,6359818,674cb4597e085033e583601ed86d75669e6c6670722773fdefb050f7d6b1710f,2994bd49190858f1195381be1422f714fede7273cf747b148fdf1026f1e128f6
ukpga/2000/17,ukpga,2000,True,True,25,25,https://www.legislation.gov.uk/ukpga/2000/17/enacted/data.xml,https://www.legislation.gov.uk/ukpga/2000/17/data.xml,available,available,4463164,5470817,8b0fdc36f73f5880d55bd711380f9ee410a8d851f2eba725cfc214ef50f4064c,9ac834a4dedf6e037a6f04c1bf3fc0bfab34ab2f93f5d2c2f0f8878e000a354e
ukpga/2010/11,ukpga,2010,True,True,1,1,https://www.legislation.gov.uk/ukpga/2010/11/enacted/data.xml,https://www.legislation.gov.uk/ukpga/2010/11/data.xml,available,available,207772,187581,fef936180f521d704537c0223d2cde13eb97616c25ca5d7bbd275503f922936a,88ed88048bd36c8605223cb75c9ac42f1770495ce09c217ead675dd69cb63981
ukpga/2011/20,ukpga,2011,True,True,27,27,https://www.legislation.gov.uk/ukpga/2011/20/enacted/data.xml,https://www.legislation.gov.uk/ukpga/2011/20/data.xml,available,available,3141265,4642898,1dd9d01e587aa784ea8ecd7e6cb4368b7d3463b3ead8cfd0fb8450b86f97eea6,8f63e30e05156061d25814d864849e646161b48f875cb8363ba740f400d3eb49
ukpga/2010/8,ukpga,2010,True,True,15,15,https://www.legislation.gov.uk/ukpga/2010/8/enacted/data.xml,https://www.legislation.gov.uk/ukpga/2010/8/data.xml,available,available,2695550,7555553,914bd6e1d846c62e8ad6ae1ee3ff5423d7311438bbc733249e0e51d56f6b311e,70e9c25d8a5a7bb79c4c2f3786c3dbe9e4d45a52ea4ddb43934a07f49a661579
ukpga/2020/11,ukpga,2020,True,True,2,2,https://www.legislation.gov.uk/ukpga/2020/11/enacted/data.xml,https://www.legislation.gov.uk/ukpga/2020/11/data.xml,available,available,152704,213269,6022e353509c22ddce22a1d0f6bfea3f7f760ed476a1b9abc8057044fc13c5c5,82a3537bff6751f896df23fd181b3d46a9963b93e59c58f5d2fc43523be4ec66
ukpga/2024/13,ukpga,2024,True,True,29,29,https://www.legislation.gov.uk/ukpga/2024/13/enacted/data.xml,https://www.legislation.gov.uk/ukpga/2024/13/data.xml,available,available,3298049,4320851,bc7251ea7fa4ebf631c967d96058bfca6971344079100a31d7b77dbdb9ebac25,8672a403c711b50e88c1f7d2db9d7c20468bc82727815a22fb3044d780143d35
ukpga/2021/17,ukpga,2021,True,True,7,7,https://www.legislation.gov.uk/ukpga/2021/17/enacted/data.xml,https://www.legislation.gov.uk/ukpga/2021/17/data.xml,available,available,568296,986345,074d8815579a5b55f44926a76e0f01608a8fd57a77a9ebc93a64ec6fca4a4d88,8db30c0e1e3dae6207af67453c493593847e4bef4b05ff8a165c54b28af1e9c0
asc/2021/3,asc,2021,True,True,2,2,https://www.legislation.gov.uk/asc/2021/3/enacted/data.xml,https://www.legislation.gov.uk/asc/2021/3/data.xml,available,available,159815,206599,32b3a8f5f27e879bc47c21b0e70fb3cdfc3eee51879fe280e02be8c22bbe1d79,a5315d2f5eafb3f60ae91dc5540c33c146d422c3228bfadbe3657f515e5dd87a
asc/2023/3,asc,2023,True,True,21,21,https://www.legislation.gov.uk/asc/2023/3/enacted/data.xml,https://www.legislation.gov.uk/asc/2023/3/data.xml,available,available,1806591,2230219,018986fc386df17d0774e9e2c4e665ef654d876f03a67f151354a50b8c7b4623,3b686d4ef2fba627f9e1f7b964b76764fb7ae24e3a94a063c260afef85253e02
asp/2000/12,asp,2000,True,True,1,1,https://www.legislation.gov.uk/asp/2000/12/enacted/data.xml,https://www.legislation.gov.uk/asp/2000/12/data.xml,available,available,7116,7029,64acdf2c2668e622e400cf2a0d9a029b9148d4ae61bb99a6f3b58292dc300262,8cb289c240955b7913ea9749a97c6c896f3f5db23ed980ea469c4bc592800546
asp/2002/13,asp,2002,True,True,8,8,https://www.legislation.gov.uk/asp/2002/13/enacted/data.xml,https://www.legislation.gov.uk/asp/2002/13/data.xml,available,available,378588,786076,08ffeef5b6fd960104b877c2eab503a1e44e91d6053ba50cfbb29cd36a115feb,9ce503ef5231da8c44580a64ede36c9037cdde5c02b8c0285cbd2c0a2aa616cc
asp/2010/12,asp,2010,True,True,1,1,https://www.legislation.gov.uk/asp/2010/12/enacted/data.xml,https://www.legislation.gov.uk/asp/2010/12/data.xml,available,available,13135,13160,0ce2b8dbdaacfe4190b38e3e2b1b78e58b0509457c89b83b2476e53b1a304ff4,946da1e00556832b6dd9d3e46d0809dcbc3f96179e479995f86fb9bceb3f0d93
asp/2010/5,asp,2010,True,True,6,6,https://www.legislation.gov.uk/asp/2010/5/enacted/data.xml,https://www.legislation.gov.uk/asp/2010/5/data.xml,available,available,786115,1096064,9adda22e0e3f1e43f01dc7d43ff189bf10fa2d0faaf88161d1bc609be5c85228,0a0275567b921bbc2b635a8d38691e946de9bc541fa9a1ecc91ae680654e3783
asp/2020/12,asp,2020,True,True,1,1,https://www.legislation.gov.uk/asp/2020/12/enacted/data.xml,https://www.legislation.gov.uk/asp/2020/12/data.xml,available,available,177494,230603,fa767f9fe55dcf2e644358fd42e42d7d295b5139f44162e883121c18acd8224b,85f5c1b846bbf5c9bc4b470beceb635d6e1aa47cbf3c48d0e347a16eeca63f71
asp/2025/8,asp,2025,True,True,7,7,https://www.legislation.gov.uk/asp/2025/8/enacted/data.xml,https://www.legislation.gov.uk/asp/2025/8/data.xml,available,available,1565372,1632373,843efeff126b0a26e3b9a2a837b30bb9c728b00b4c81c8ae50dd05ba82a75432,866815ab5e0abfc2ef3ceb391a163450e25749495a078dcbe9296c5961573a80
nia/2000/4,nia,2000,True,True,3,3,https://www.legislation.gov.uk/nia/2000/4/enacted/data.xml,https://www.legislation.gov.uk/nia/2000/4/data.xml,available,available,757000,499742,b7ea62f20cb62598abfd90238073a5899d9ad65002e86ebf97b9917d62ea6e5d,adeaecf3da545f686bbddf8bbe005721dde1dae6a5807b58131b23cee1aa071f
nia/2010/12,nia,2010,True,True,1,1,https://www.legislation.gov.uk/nia/2010/12/enacted/data.xml,https://www.legislation.gov.uk/nia/2010/12/data.xml,available,available,44385,43392,cd566b27b3441d51a1bb9ecaff2d4b503933efb840a8add2fa81493f71f46392,30931bc22430130ab8724b788e912721fef831452b4c26b7d1335961df64a920
nia/2015/5,nia,2015,True,True,8,8,https://www.legislation.gov.uk/nia/2015/5/enacted/data.xml,https://www.legislation.gov.uk/nia/2015/5/data.xml,available,available,785041,1189049,89afa278ad510607946ca1260d433c20fa767e29b39479e914db732b073aee11,7a42ee6c8f27cc52e29a75d1ef8f0de172535906a322a819b9f233e76a9deaa6
nia/2020/4,nia,2020,True,True,1,1,https://www.legislation.gov.uk/nia/2020/4/enacted/data.xml,https://www.legislation.gov.uk/nia/2020/4/data.xml,available,available,9551,9551,5fcd8cd4e53aff112ab051a7da233400a7d85ba77546bfd8f11075e437c9e2b1,5fcd8cd4e53aff112ab051a7da233400a7d85ba77546bfd8f11075e437c9e2b1
ukpga/1990/13,ukpga,1990,True,True,1,1,https://www.legislation.gov.uk/ukpga/1990/13/enacted/data.xml,https://www.legislation.gov.uk/ukpga/1990/13/data.xml,available,available,7653,7700,4c114a05564fbf689764a2f97e90d5ff65aa025d94e21a09576e1d676a8f9cf1,2819654b6acd5c1fff1f037ba06b95a4b7c24099f86bd65cf0f87d8236310e7b
ukpga/1991/22,ukpga,1991,True,True,88,88,https://www.legislation.gov.uk/ukpga/1991/22/enacted/data.xml,https://www.legislation.gov.uk/ukpga/1991/22/data.xml,available,available,1915235,8365414,d399b15ef59f4588caadb3fb273398014491711fa020ca444a3ecbcab5615f8e,d3c790668740b8c76fe17354089ebb97f1ba0c55b604f2414718c2b3870a72f2
ukpga/1990/40,ukpga,1990,True,True,9,9,https://www.legislation.gov.uk/ukpga/1990/40/enacted/data.xml,https://www.legislation.gov.uk/ukpga/1990/40/data.xml,available,available,986860,1200472,8de3e885a9f60907f2bafff6b1477225199cfc5185e7487ea465fe4e5618a9cb,e0646f48e3f938827a283c7e75962ace936a48151fe95b6db19ab619d204fd9b
ukpga/2000/13,ukpga,2000,True,True,1,1,https://www.legislation.gov.uk/ukpga/2000/13/enacted/data.xml,https://www.legislation.gov.uk/ukpga/2000/13/data.xml,available,available,22133,29720,96a5a33b35221db380d69eede24fc7fd5c20734af1fae555e0395938e02bc568,c483252ba1eec991174f825f946e4043bf88e9781f71bc8a176ed8732f72667c
ukpga/2000/6,ukpga,2000,True,True,31,31,https://www.legislation.gov.uk/ukpga/2000/6/enacted/data.xml,https://www.legislation.gov.uk/ukpga/2000/6/data.xml,available,available,2113310,1542977,23ed4533e86760f190d1a94b1e23b43fb3b8b0d7311b7da58e0c555b674edd7e,9bc33fe93b72a40b22db9c0326d91f2f25d22f1d28a215a09f9ad7d81166f7d6
ukpga/2000/19,ukpga,2000,True,True,6,6,https://www.legislation.gov.uk/ukpga/2000/19/enacted/data.xml,https://www.legislation.gov.uk/ukpga/2000/19/data.xml,available,available,990926,1199086,0ace7b091de858ce04d2a022c99e1c1a3dde554fde9c84866a7df3e46fcda3c4,282307e9c15029d273be662c4c797e04c3fe1c343eee583794e8c5fffb6cbddd
ukpga/2010/12,ukpga,2010,True,True,1,1,https://www.legislation.gov.uk/ukpga/2010/12/enacted/data.xml,https://www.legislation.gov.uk/ukpga/2010/12/data.xml,available,available,169642,204141,7cb2f545fb58f47982fb41ba47e79675c55f64debbdcfae3216467463a27cf43,9248cd8e6a2f7f5149d61986b27958ec4564f3bbb8b6341acbd29523707f0bb0
ukpga/2012/5,ukpga,2012,True,True,28,28,https://www.legislation.gov.uk/ukpga/2012/5/enacted/data.xml,https://www.legislation.gov.uk/ukpga/2012/5/data.xml,available,available,1363166,3425383,7383661f95923e08c36979b00073b42a3afc1ba817708c4af622d023e9518f7a,56bad5fff7fff417c98ade0a5ba7a2ed9407a892c668817395a18395348b2aa3
ukpga/2011/11,ukpga,2011,True,True,8,8,https://www.legislation.gov.uk/ukpga/2011/11/enacted/data.xml,https://www.legislation.gov.uk/ukpga/2011/11/data.xml,available,available,2460006,3007810,dc4758b13cbbb316614610de266e318568da5bd52bbb3e6006d76ef33f0adfca,d9e3a830a602706db2502d016b64a5d931524ab20f02e139cb8e2e31cc6d37a1
ukpga/2020/12,ukpga,2020,True,True,2,2,https://www.legislation.gov.uk/ukpga/2020/12/enacted/data.xml,https://www.legislation.gov.uk/ukpga/2020/12/data.xml,available,available,1502917,1421499,ef5ca84b2741dd118d6abeb54f1314ec161cbfd6830bae943761dabda15936e3,ed7e22db48b7b1527e7e4e497d066dd6103c29fef64e8ec7888b8db383d6d78f
ukpga/2021/26,ukpga,2021,True,True,15,15,https://www.legislation.gov.uk/ukpga/2021/26/enacted/data.xml,https://www.legislation.gov.uk/ukpga/2021/26/data.xml,available,available,2758063,3072473,86382de2ab6dea94f0940e218dedd84dcc655318db73163de8709157f6cf34d2,cc42b5602bf1bfd7a397dfed59e20ab841f3289c1e5ba11c64054027b6be6c80
asc/2022/2,asc,2022,True,True,1,1,https://www.legislation.gov.uk/asc/2022/2/enacted/data.xml,https://www.legislation.gov.uk/asc/2022/2/data.xml,available,available,48895,52389,1a17543e3089ed026f50d55e9d91f6bc1077da14e0e68c67de04cd58d65b796b,f875c31a34b8c790ce4e7143bc8bf6bb1f65d0b90ab4365efb399ae34485f3dd
asc/2024/3,asc,2024,True,True,10,10,https://www.legislation.gov.uk/asc/2024/3/enacted/data.xml,https://www.legislation.gov.uk/asc/2024/3/data.xml,available,available,773125,1005170,b011033fc106a1232495ba7aada7298d95a8e3998e3e3308c34c15689672d240,073e6650e657d509a22b23050333461f648ce4110bd5b44df86841b6caf7b3fa
asp/2000/2,asp,2000,True,True,1,1,https://www.legislation.gov.uk/asp/2000/2/enacted/data.xml,https://www.legislation.gov.uk/asp/2000/2/data.xml,available,available,65953,83163,b9262158842417ce7d30fdadffdb516da89c74da91305ee5b366647a49e39b3c,ac465d410fc8940862809205f1cccf645b2fd8b3f7f72321769fea018f492738
asp/2003/11,asp,2003,True,True,8,8,https://www.legislation.gov.uk/asp/2003/11/enacted/data.xml,https://www.legislation.gov.uk/asp/2003/11/data.xml,available,available,633754,1385835,869f52c144fddd0df83d9ced5783feb77a9c9c37f144a32248b80ee303880b76,18857535d330247c9fabf8b0e75cd9f2769a53d845f4b755a43608be99114eec
asp/2010/14,asp,2010,True,True,4,4,https://www.legislation.gov.uk/asp/2010/14/enacted/data.xml,https://www.legislation.gov.uk/asp/2010/14/data.xml,available,available,497250,725946,48a8d4787ce673a17c415d3d8cf507a9cfd18859550cfc16edf9880b62f49615,1c647ec96fe7d08778d072af1ae121456c8e39ff0e0129cb305a003cbbd1772c
asp/2010/8,asp,2010,True,True,17,17,https://www.legislation.gov.uk/asp/2010/8/enacted/data.xml,https://www.legislation.gov.uk/asp/2010/8/data.xml,available,available,1118518,2126868,ef001ebecd7f75a14def886b20d09477807e3c53c46403ae8a03b3cca0ea8f7e,083e74cb7faf99f920da0e7846ce0008a84920d5a930caf28928e0fb7c89349e
asp/2020/14,asp,2020,True,True,1,1,https://www.legislation.gov.uk/asp/2020/14/enacted/data.xml,https://www.legislation.gov.uk/asp/2020/14/data.xml,available,available,160431,184019,da06bf1b80667367cea03d2d433f3e2c97079cdb8afde0e8097a68eb3864a929,50e9427fac48e7a13d4e94b0b969936ab3afbaff7892d972b02879af358adaaa
nia/2000/5,nia,2000,True,True,1,1,https://www.legislation.gov.uk/nia/2000/5/enacted/data.xml,https://www.legislation.gov.uk/nia/2000/5/data.xml,available,available,41351,14440,05bc5aef5024b2bd302ae97f47e90bee5e44916b544432ba3eac652f1664ed46,74346f6c1a1aafee7754535dcdd2b891f2e9ea532d657a0318610b05b8b538e5
nia/2010/13,nia,2010,True,True,2,2,https://www.legislation.gov.uk/nia/2010/13/enacted/data.xml,https://www.legislation.gov.uk/nia/2010/13/data.xml,available,available,396654,404492,a32d907dc9e6d9b0817c531c2c6cf1fa76303fc95da2a9d8a8f578784005e383,445ae4a14a1ab62a0b292277266f6a0fae864615a25d8689551305bac5071f77
nia/2015/9,nia,2015,True,True,7,7,https://www.legislation.gov.uk/nia/2015/9/enacted/data.xml,https://www.legislation.gov.uk/nia/2015/9/data.xml,available,available,1121514,1362366,5310e9725e317939a7543ca7860aff8625b1b9bff8cfc5ceb127830f855cef64,24a1e5e6820632b718bd99de195bf3d66bdeac4fe6d258df734db054cbb9c253
nia/2020/5,nia,2020,True,True,1,1,https://www.legislation.gov.uk/nia/2020/5/enacted/data.xml,https://www.legislation.gov.uk/nia/2020/5/data.xml,available,available,41511,41511,021ef92d351805fc38b6a524d915e2be7bb1bb5797e7ed539b58126bc6a128f9,021ef92d351805fc38b6a524d915e2be7bb1bb5797e7ed539b58126bc6a128f9
ukpga/1990/14,ukpga,1990,True,True,1,1,https://www.legislation.gov.uk/ukpga/1990/14/enacted/data.xml,https://www.legislation.gov.uk/ukpga/1990/14/data.xml,available,available,19105,19709,956c6fdcaff2b2ebce3a2f288fd5b0e486028e140cf937342d534aa523a519e7,ff16a4832a129396ce96f018fe130a8e868149ad444579d099c7463ce265f22f
ukpga/1991/40,ukpga,1991,True,True,29,29,https://www.legislation.gov.uk/ukpga/1991/40/enacted/data.xml,https://www.legislation.gov.uk/ukpga/1991/40/data.xml,available,available,745952,2680341,ceef09bb0a43904b2effc98038353d8dcf2fdf00f01576fdba7a32bdfc8436e9,9e7af21b490d9621f8ba33cd241e63f4a069693e83fcff8efe8797bdbab81b83
ukpga/1990/41,ukpga,1990,True,True,14,14,https://www.legislation.gov.uk/ukpga/1990/41/enacted/data.xml,https://www.legislation.gov.uk/ukpga/1990/41/data.xml,available,available,1480562,2297685,e0ab6e0bccf19c2264c97b5f97e6e25faaf3542654c61c0cca6d5161a379379e,ae28a94d9899716bf41bd6b108221359b8303557d32fafe32e172ee04b04ebbb
ukpga/2000/15,ukpga,2000,True,True,1,1,https://www.legislation.gov.uk/ukpga/2000/15/enacted/data.xml,https://www.legislation.gov.uk/ukpga/2000/15/data.xml,available,available,22470,27993,974025ebfa4268d970797f1facac6de25c53e95f8c889f20f428ad3eb06ffb94,dbe8bbd9e15ef7d75dc8685986669fbbe00763c2b3ed0f7fde13a0d0ecf337ea
ukpga/2000/8,ukpga,2000,True,True,161,161,https://www.legislation.gov.uk/ukpga/2000/8/enacted/data.xml,https://www.legislation.gov.uk/ukpga/2000/8/data.xml,available,available,2818186,20909894,2ded59140f652d69f60a2d0e7820283bcb066b1c9645d12dc8e68b3a70111853,4f2daa7b1efa0343083b9e531c68a5f9edfd63c4fc5c5c5c134dd87acee35a14
ukpga/2000/21,ukpga,2000,True,True,15,15,https://www.legislation.gov.uk/ukpga/2000/21/enacted/data.xml,https://www.legislation.gov.uk/ukpga/2000/21/data.xml,available,available,1234340,1567437,e83269f7e81b66ea614a21312eb31f04e3ebb7508f0d9a4f00ad9aae8ff61b3f,0cdf0fc874ecbfaa23ddd011df993d75f73fc330733fd3beaaafe01be6a60174
ukpga/2010/13,ukpga,2010,True,True,2,2,https://www.legislation.gov.uk/ukpga/2010/13/enacted/data.xml,https://www.legislation.gov.uk/ukpga/2010/13/data.xml,available,available,955513,931374,13138172ae354954ac93795f25ff724aacb2460b9b667b4665c8f76bb5b08184,87791da0e6ce4a82624b0d8edd826795995ae710416c88a48a673b5601262d46
ukpga/2012/7,ukpga,2012,True,True,37,37,https://www.legislation.gov.uk/ukpga/2012/7/enacted/data.xml,https://www.legislation.gov.uk/ukpga/2012/7/data.xml,available,available,3246848,5153703,594f7c3810589421a81af4e04ee0826b67801ed1c5440e232b6dd00644d0ef1c,2e2e03fd4f19752c25a68c6241ea630d18b72858bc8877e621596ebb335ef409
ukpga/2011/21,ukpga,2011,True,True,9,9,https://www.legislation.gov.uk/ukpga/2011/21/enacted/data.xml,https://www.legislation.gov.uk/ukpga/2011/21/data.xml,available,available,897158,1287545,5edc8afb65f95bcdbed04be73fc316b8b0b74532542be34d6f66d99ab19f53d5,0c62436c47db8d9b3a0a0bf5610563ecafe3a05d2abf00b60fc697d6e0329dfc
ukpga/2020/13,ukpga,2020,True,True,1,1,https://www.legislation.gov.uk/ukpga/2020/13/enacted/data.xml,https://www.legislation.gov.uk/ukpga/2020/13/data.xml,available,available,349933,283296,cd61986db421e3cf092fcd688f1154ff7019877ff987524e6f28565824ff8dd9,327cca011320f3bc1615c25f064ed91b2c11ef906ed139ba2316e6a125a6f1d6
ukpga/2021/30,ukpga,2021,True,True,20,20,https://www.legislation.gov.uk/ukpga/2021/30/enacted/data.xml,https://www.legislation.gov.uk/ukpga/2021/30/data.xml,available,available,1927496,2659118,46ab29cd6dfb0ecd480823c4b114df4c39009193d62b86b9d12551ecb7a971bb,76075e7bdbaf91755cdfdf09acb1fd4687bbcc6effb49a936037ace341f5c2df
asc/2023/1,asc,2023,True,True,4,4,https://www.legislation.gov.uk/asc/2023/1/enacted/data.xml,https://www.legislation.gov.uk/asc/2023/1/data.xml,available,available,258753,349033,91b095646f85a8747c634d59fdb6d17e78cf278484df9d098d2fe6c98e61f016,402f99be4164616f2672ba1d864a76050943ac7b453814ba3d4a663dbfa55f0b
asp/2000/3,asp,2000,True,True,1,1,https://www.legislation.gov.uk/asp/2000/3/enacted/data.xml,https://www.legislation.gov.uk/asp/2000/3/data.xml,available,available,9106,9081,0b46b1b05d211b16edeb340bc0d053b1d9da2cbf4ed28388f4cc37bd4799fdfe,a8b7e4a991d73f08f82677d24e1d8dcafe005ed12d512b3b605734b120e338d9
asp/2003/13,asp,2003,True,True,19,19,https://www.legislation.gov.uk/asp/2003/13/enacted/data.xml,https://www.legislation.gov.uk/asp/2003/13/data.xml,available,available,1936488,3396142,4cc8baa5144c5440ecee42c940aaa90d230f0f41eebfd5cf9f12af0f564f76e3,26abe74fedf7a0d0f7e126580ae7ef6eed704bff6bcf919d7d04fe6bbd34c475
asp/2010/15,asp,2010,True,True,1,1,https://www.legislation.gov.uk/asp/2010/15/enacted/data.xml,https://www.legislation.gov.uk/asp/2010/15/data.xml,available,available,44061,32103,6c6856b36292037ab3e8d53e35802857290af1e65e9e1bab5a0e5305524d60e4,d072a121f4ca2c20abb0a3cd038346d875b9cb60d089d12350190c7c58fb674c
asp/2011/1,asp,2011,True,True,12,12,https://www.legislation.gov.uk/asp/2011/1/enacted/data.xml,https://www.legislation.gov.uk/asp/2011/1/data.xml,available,available,1098642,1669477,13f719eda5ef393bbaff4f0bed448a207a23e21d0c010024bd84ecfe2b52bb9a,9c03de9dfc97f27aeb027da77dd3ef1861eda09e38739fc94a2578ade04aa100
asp/2020/15,asp,2020,True,True,1,1,https://www.legislation.gov.uk/asp/2020/15/enacted/data.xml,https://www.legislation.gov.uk/asp/2020/15/data.xml,available,available,137105,182629,e59e8189317a5f84e23731c8fe58e753b79a1296b315043f262171730570796e,ab4077ffff7068729fa891055f1ea2b0791c77fe54d4c3cacfcb3beb38f31915
nia/2001/1,nia,2001,True,True,1,1,https://www.legislation.gov.uk/nia/2001/1/enacted/data.xml,https://www.legislation.gov.uk/nia/2001/1/data.xml,available,available,17007,21773,2abf3dad02347a47aa18055cd9d5707411aa6a08328f6e086945ab54839ecc82,4efba403cef89a637840694c3a03c5aa9d4deeca0bdc6ed5c1d1d70f90559592
nia/2010/14,nia,2010,True,True,1,1,https://www.legislation.gov.uk/nia/2010/14/enacted/data.xml,https://www.legislation.gov.uk/nia/2010/14/data.xml,available,available,64536,73698,7a405cfe1d0e7e677ea24d8c386eabc717563b744ed5f1c31d6d7a4d94551821,cd6419bc79e974a6256d5e83c4bdd12c47ac31126326855080c640bc519c1315
nia/2020/6,nia,2020,True,True,1,1,https://www.legislation.gov.uk/nia/2020/6/enacted/data.xml,https://www.legislation.gov.uk/nia/2020/6/data.xml,available,available,110052,93427,695b29c5a182dcba14b542fc427768557981683d9bc9f5d7eb3203ac8e23e788,db36e9ff1d3d5aeb4497885a3e738e65b0a575c8ad51a892d64039c6567cb4a5
ukpga/1990/15,ukpga,1990,True,True,1,1,https://www.legislation.gov.uk/ukpga/1990/15/enacted/data.xml,https://www.legislation.gov.uk/ukpga/1990/15/data.xml,available,available,13183,12783,db149ad3ef6d5cc8448923e498230f22e125f23b6a3385249543ea688549510b,74c1e2fefdebf145ccf6bea6abc118a9ec8fe7f12dbd2dbe436a6588f54ecc11
ukpga/1991/48,ukpga,1991,True,True,31,31,https://www.legislation.gov.uk/ukpga/1991/48/enacted/data.xml,https://www.legislation.gov.uk/ukpga/1991/48/data.xml,available,available,773748,2634181,bb26a1990c41fdbb2e18b6a926d8a38871113ac0a758d95f331ee34329e98b92,ebdd6fb723d6a60559859e89fd95dc621b62fb29ead0491c116683f0a25d08c1
ukpga/1990/42,ukpga,1990,True,True,24,24,https://www.legislation.gov.uk/ukpga/1990/42/enacted/data.xml,https://www.legislation.gov.uk/ukpga/1990/42/data.xml,available,available,2285611,3294293,d7ef67c4e527fa952bd7a0888d9b55eb5c91e44855f12a771a329d3d8e8b7a64,3cc77a011be1c666f7ab252981b837796047a582ed592cf1abbcefa8dc06ac99
ukpga/2000/16,ukpga,2000,True,True,1,1,https://www.legislation.gov.uk/ukpga/2000/16/enacted/data.xml,https://www.legislation.gov.uk/ukpga/2000/16/data.xml,available,available,47957,14573,87fb06311424c226d22706678ec706c2907a92e98224241f4a81ff40feb817f9,e325844846c57bc757a161a53d7695ab67207e56ca3df195c72a5a6d789acf22
ukpga/2001/2,ukpga,2001,True,True,38,38,https://www.legislation.gov.uk/ukpga/2001/2/enacted/data.xml,https://www.legislation.gov.uk/ukpga/2001/2/data.xml,available,available,2401435,6959762,d35f8941c44fee5322802217e5a7a4ce722396298b1fa43c0ff1f36647f86ceb,8b0cd8f8ca8dcd538b7b80d53feca5a09618d8dd3aed2520ee84e0f7e6d4fd66
ukpga/2000/23,ukpga,2000,True,True,22,22,https://www.legislation.gov.uk/ukpga/2000/23/enacted/data.xml,https://www.legislation.gov.uk/ukpga/2000/23/data.xml,available,available,843675,2065289,96a1e0eeba3f7020ee24aa15bee1e3651ed86d95b5578c60d1aa8a9de2295647,095616a7d31801359bbae0184e2fbc80f05c6afc38ef465454e9bc5c9c4c7a11
ukpga/2010/14,ukpga,2010,True,True,1,1,https://www.legislation.gov.uk/ukpga/2010/14/enacted/data.xml,https://www.legislation.gov.uk/ukpga/2010/14/data.xml,available,available,10108,11058,f322833e143a0a3dac30f9d6f067ddd117874bdaceb887d2e483ca827c3e0223,05b47844446becda2ce5e08dfe6ae55da9a7e6f4b02771beb0254a2a2f9657aa
ukpga/2013/22,ukpga,2013,True,True,30,30,https://www.legislation.gov.uk/ukpga/2013/22/enacted/data.xml,https://www.legislation.gov.uk/ukpga/2013/22/data.xml,available,available,2649400,4164251,4eca204eada83c75d005d708334aebf5c31b4384d43e6929461d07b33c438af3,5e8736470fd7d67a2f6c529ff8f43aed516d840efff1b6ee202c02d9eb000148
ukpga/2011/25,ukpga,2011,True,True,10,10,https://www.legislation.gov.uk/ukpga/2011/25/enacted/data.xml,https://www.legislation.gov.uk/ukpga/2011/25/data.xml,available,available,1726414,2821976,c924e5e803880727ef633465b79f514898b0d289ac20a20af418134ae0b7eb5b,d4246410b470dd2ef9d2890b3a6e52283c96d04d63ad2e676a0dba47027a03ca
ukpga/2020/14,ukpga,2020,True,True,2,2,https://www.legislation.gov.uk/ukpga/2020/14/enacted/data.xml,https://www.legislation.gov.uk/ukpga/2020/14/data.xml,available,available,1513492,1512541,3be9382d507b619d47efb90ff01123c1aed17c9ba1f176e6926ee8c94d353989,c77b396d6fae30ee2896047e2a33624873c0dcafe6388fedbe9f718e4bc04d51
ukpga/2021/35,ukpga,2021,True,True,7,7,https://www.legislation.gov.uk/ukpga/2021/35/enacted/data.xml,https://www.legislation.gov.uk/ukpga/2021/35/data.xml,available,available,358674,582693,15cbdc10c4cdeb40ea942f8caf24159a9bd38e1d42524f8f7356ac8bce48830c,482573810aa0dd0c263c46d47bf43efa67ab0e999967e9a9707784dbdc06894d
asc/2023/2,asc,2023,True,True,1,1,https://www.legislation.gov.uk/asc/2023/2/enacted/data.xml,https://www.legislation.gov.uk/asc/2023/2/data.xml,available,available,117830,143192,f91e143dd76a0ac5a942a3ffff2c0a4ef88a850580dc0edaceef0909e893853a,f3210776f34eca6639451ee648624db900216cf60b8074dd3d3526cacc01f52a
asp/2000/6,asp,2000,True,True,2,2,https://www.legislation.gov.uk/asp/2000/6/enacted/data.xml,https://www.legislation.gov.uk/asp/2000/6/data.xml,available,available,240847,286317,f79608ffd4ec219f576a31194d624076b983f4284dbc10a2d19987befd3d5e3d,1e17854786e5909362c4ee5d41ac5a4c765295d1a807105544547569b0fc7a1d
asp/2003/2,asp,2003,True,True,10,10,https://www.legislation.gov.uk/asp/2003/2/enacted/data.xml,https://www.legislation.gov.uk/asp/2003/2/data.xml,available,available,547654,1710076,8d2f637040cf06fff533d47e59a78302a58fc04608fbb14787a368ebc3095282,6f361ccda535706d1dd344022195fff31bebf7565fe3003e9c62dd1823df2e73
asp/2010/18,asp,2010,True,True,1,1,https://www.legislation.gov.uk/asp/2010/18/enacted/data.xml,https://www.legislation.gov.uk/asp/2010/18/data.xml,available,available,78382,98293,f4c3e690f63eff4f3e3906e48b959d154f49d6ce6513951b0b0b66bfa8a3b495,41716c7fe7db3c4978826cc1b6bea82c521c3ff49a73cdd0e2b5335e84760d21
asp/2012/5,asp,2012,True,True,7,7,https://www.legislation.gov.uk/asp/2012/5/enacted/data.xml,https://www.legislation.gov.uk/asp/2012/5/data.xml,available,available,728408,1115857,93ae017508306b8febc71bd4ddb89d6dc6fdb63c61228dc4c73eb0293a3307e5,b17c8503a73855362b4abbc0e3e50f58a46370aa2d3b4e071fb6c7e11f368094
asp/2020/16,asp,2020,True,True,1,1,https://www.legislation.gov.uk/asp/2020/16/enacted/data.xml,https://www.legislation.gov.uk/asp/2020/16/data.xml,available,available,196545,206020,5ea7c462464ad1ef4865cd43ff39f90c3f52b957394d413c7b3509bcc3a92827,9596ec4dc110e5f2900c6b651e688086eceb4ef4b5864c800ba2673067128c58
nia/2001/10,nia,2001,True,True,1,1,https://www.legislation.gov.uk/nia/2001/10/enacted/data.xml,https://www.legislation.gov.uk/nia/2001/10/data.xml,available,available,23356,26356,db7fb5a0ffe64689d95f350b744287f9d54456e769cbacea01f10e084013f92e,c54268933fbb84dee12fe86cc154c817ae9700f1654d5c7831e2654848f7bde1
nia/2010/15,nia,2010,True,True,1,1,https://www.legislation.gov.uk/nia/2010/15/enacted/data.xml,https://www.legislation.gov.uk/nia/2010/15/data.xml,available,available,38392,39627,f5553073a2ba0d01c4511dbf2a217482a2f950fe33f610285f2ff10979c25404,01759f2101642c45143b0022a17f64bb1d0b632adb2136bf9e0af0d80c230c85
nia/2021/1,nia,2021,True,True,1,1,https://www.legislation.gov.uk/nia/2021/1/enacted/data.xml,https://www.legislation.gov.uk/nia/2021/1/data.xml,available,available,7063,7450,cae0f597836f390a4387543de65cc3b78241f5e2652ead0748725f7a96bd2cff,d794615a1c6342e9abaecaa7b98e2becea0576aee0e7f8414f284a4d0171c0dd
ukpga/1990/17,ukpga,1990,True,True,1,1,https://www.legislation.gov.uk/ukpga/1990/17/enacted/data.xml,https://www.legislation.gov.uk/ukpga/1990/17/data.xml,available,available,7026,7120,c717b236eded7918d86ded1c31b37a274232e44fd366280fa9ec5260a7fd8697,9cf27dc84f61d461b242841870cd70e031fef1ba12fb19f07c0629db111af05e
ukpga/1991/56,ukpga,1991,True,True,50,50,https://www.legislation.gov.uk/ukpga/1991/56/enacted/data.xml,https://www.legislation.gov.uk/ukpga/1991/56/data.xml,available,available,2029824,9521512,62a86f6658ec36cb3b1c93ba7eaa6f11d91c35905e1303a246331ab3fd7d059e,133f362ba39f0ed2631100acd588ac90d9c443860c1f5d1ce7050ec292794b39
ukpga/1990/9,ukpga,1990,True,True,17,17,https://www.legislation.gov.uk/ukpga/1990/9/enacted/data.xml,https://www.legislation.gov.uk/ukpga/1990/9/data.xml,available,available,820595,2007681,1a8dbf45fefd3a7032c0310df7e0328b0b6b4d2ade8e2a29a97bffa93ad0b63d,4c8388613f1d3106b9cb688558aba2d867bf2d74b4aa740e9ac17d36ddd79173
ukpga/2000/18,ukpga,2000,True,True,1,1,https://www.legislation.gov.uk/ukpga/2000/18/enacted/data.xml,https://www.legislation.gov.uk/ukpga/2000/18/data.xml,available,available,13058,13152,8704fc2074f85ea8861064bb87d3809ad0067afc2cc6a453a08ab02ef8ceca33,533418dabb9ba5c75e13602154ad54d566d0c3621c1d74dd634ef245898673ae
ukpga/2002/23,ukpga,2002,True,True,27,27,https://www.legislation.gov.uk/ukpga/2002/23/enacted/data.xml,https://www.legislation.gov.uk/ukpga/2002/23/data.xml,available,available,3155367,1661473,f36a0f7debcf0d26bd96c2c0d587c755a268f923c2475cf61636640944937b07,c13b1c22f4971fec693d24208adf11c841e9fb13ce8fb6c65b1e0f340c18c63f
ukpga/2000/26,ukpga,2000,True,True,7,7,https://www.legislation.gov.uk/ukpga/2000/26/enacted/data.xml,https://www.legislation.gov.uk/ukpga/2000/26/data.xml,available,available,881465,1032829,cccb572f3f981e4a3514531f47406301327bb61c2252a8c75e84d40f9421ad36,55069ef3b2e5e75d8172b995d443a7ae6aeb8c3ddf2626d75d23115ba3503227
ukpga/2010/16,ukpga,2010,True,True,1,1,https://www.legislation.gov.uk/ukpga/2010/16/enacted/data.xml,https://www.legislation.gov.uk/ukpga/2010/16/data.xml,available,available,18298,19827,8ddcd230604b0278f627b5818fdbf29553bd652b9c39b67d4e7e812eefd7bb09,aed89200ddc611f3db4dafbed1ca25b82333a6ad0ee9b88ff0f10509933b7d0a
ukpga/2018/12,ukpga,2018,True,True,40,40,https://www.legislation.gov.uk/ukpga/2018/12/enacted/data.xml,https://www.legislation.gov.uk/ukpga/2018/12/data.xml,available,available,2695979,5349577,b9cf50e24d7488eb2fbf5696fb3a9f70ece1f6f14c68e33026ef06ab856d0d5b,4ed0fff37eff6120ce5ae5e2048c072c2f40f0ad846fd6bef23beed0a336e22b
ukpga/2011/5,ukpga,2011,True,True,11,11,https://www.legislation.gov.uk/ukpga/2011/5/enacted/data.xml,https://www.legislation.gov.uk/ukpga/2011/5/data.xml,available,available,1263695,1763272,67b7d6c712ca9c364cd16ba9e02cdf5f8a4dcc8ee29aeec31a272dfa86248e26,b167dc58b38eed67a095a0ddab29fce445acdbb2035ca2b048e3972bd2aa890e
ukpga/2020/15,ukpga,2020,True,True,1,1,https://www.legislation.gov.uk/ukpga/2020/15/enacted/data.xml,https://www.legislation.gov.uk/ukpga/2020/15/data.xml,available,available,15987,41181,87e421660ab8ce3f88e6e88b98096fd0447b5c755e60f995c3f7baf22e5fa251,6ffc0e066af939d59e55b132f11bddf93c650085fcdb71e61610eb06cf17cc27
ukpga/2022/10,ukpga,2022,True,True,9,9,https://www.legislation.gov.uk/ukpga/2022/10/enacted/data.xml,https://www.legislation.gov.uk/ukpga/2022/10/data.xml,available,available,534674,1106121,5469416726e2c49bc93ad072bf08402b1e03cec1d3ca2e18b5117c23c4af1007,126e070d63db8d8d7948ff81ecb47f21dac41b6ea0a60976fd111aaacdef22f1
asc/2023/4,asc,2023,True,True,4,4,https://www.legislation.gov.uk/asc/2023/4/enacted/data.xml,https://www.legislation.gov.uk/asc/2023/4/data.xml,available,available,447389,496370,cb48d89bc41723fedfe850cc04cd86477b64925ffb65ad404c1391830ff77c21,3a5281a07868b19d635c81a9270a2a78aa5b03056f5ad7dda183bf2a89787ad4
asp/2000/7,asp,2000,True,True,5,5,https://www.legislation.gov.uk/asp/2000/7/enacted/data.xml,https://www.legislation.gov.uk/asp/2000/7/data.xml,available,available,212447,434936,b4d735770af0b77cb23499d6710bbd6a467e14e0df8993b59753d1789e9239b9,6151c30508cfdaab464ba34469eb183856c45aa087aca5fd5a63e5d41e840b83
asp/2003/7,asp,2003,True,True,10,10,https://www.legislation.gov.uk/asp/2003/7/enacted/data.xml,https://www.legislation.gov.uk/asp/2003/7/data.xml,available,available,806461,1130570,0f0f2711dad8db50d4fd13f714f7f29cfdec3950ce7d24d467aa08535f443fa8,36dad72147afd299d0dd9824689f2c6fd7c9fc482d7afedf24c2bce5adaafd36
asp/2010/2,asp,2010,True,True,3,3,https://www.legislation.gov.uk/asp/2010/2/enacted/data.xml,https://www.legislation.gov.uk/asp/2010/2/data.xml,available,available,167065,485983,09cddb95d4725a1e39ea5d681067ede87c36923d70900cba9c4edc3434f18893,f754cadebc9c4f57b48ad4b3a41f8549e2df46cbb096e6013b31c5758da32559
asp/2012/8,asp,2012,True,True,7,7,https://www.legislation.gov.uk/asp/2012/8/enacted/data.xml,https://www.legislation.gov.uk/asp/2012/8/data.xml,available,available,922092,1445209,a69757a09caf4ccd3b27ae9936aa2f05b55afc575c61a90b4922a0ff5df3c33b,b2784a4a01b1d0ddd5c876cc2caf81cf3942f425347b405e87ed56c7c5b76006
asp/2020/17,asp,2020,True,True,1,1,https://www.legislation.gov.uk/asp/2020/17/enacted/data.xml,https://www.legislation.gov.uk/asp/2020/17/data.xml,available,available,125158,190608,d1ae52ad16b20f1f15e308020c9d6086ec4c7518a67025e01011bff796951f4f,454020459e6ec97c90163807a7f29561d3cfcd6fe93d224d1bfab0169d9a8503
nia/2001/11,nia,2001,True,True,1,1,https://www.legislation.gov.uk/nia/2001/11/enacted/data.xml,https://www.legislation.gov.uk/nia/2001/11/data.xml,available,available,85388,132148,9b954dceb29870e0cad6a3bc5cd52f0fb450124f3de3d8961416e82bf5f9e58e,468ee4ebe74232a7aa5094dbb415ba42b10f250b35be11782d534a90a96b3a96
nia/2010/16,nia,2010,True,True,1,1,https://www.legislation.gov.uk/nia/2010/16/enacted/data.xml,https://www.legislation.gov.uk/nia/2010/16/data.xml,available,available,136172,145553,a828f0995451c7c3bb5634cba689a3a46f24415644f96a2f20727dc82947b6d2,87289467056cdae234624b2c3ec08750f7e014a317bcc20202e6b352dfb3ad8d
nia/2021/2,nia,2021,True,True,1,1,https://www.legislation.gov.uk/nia/2021/2/enacted/data.xml,https://www.legislation.gov.uk/nia/2021/2/data.xml,available,available,243845,270464,76ae2acc781819b2c892772b0f55797bc3f4f321a07b6287ae5de2efd6c01ba8,c718f43f3affae61b7136226a1d8bbbda22886af6319ab5091ae25d8a56f8013
ukpga/1990/18,ukpga,1990,True,True,3,3,https://www.legislation.gov.uk/ukpga/1990/18/enacted/data.xml,https://www.legislation.gov.uk/ukpga/1990/18/data.xml,available,available,94218,269032,20340bdc5b9b2300ee12ec6926e235a2394246f4e0dd58b79885f6ad6ade3a7d,a6feda32548ceff4e48dfaf54ba5d705e5fb54e0835112e75e74acac645b4063
ukpga/1992/12,ukpga,1992,True,True,94,94,https://www.legislation.gov.uk/ukpga/1992/12/enacted/data.xml,https://www.legislation.gov.uk/ukpga/1992/12/data.xml,available,available,2333304,13387663,97ca4e868978752f5ba6b178cdd50166ff08ee31ffe1b372141c9a7497cceabe,6829bc4604062e8e1acae4b4c83ee3ac22ddf0abea7658c9e2b82e8c158cafa2
ukpga/1991/53,ukpga,1991,True,True,17,17,https://www.legislation.gov.uk/ukpga/1991/53/enacted/data.xml,https://www.legislation.gov.uk/ukpga/1991/53/data.xml,available,available,918405,1856765,2add0e4c5df380c44061a5f28b91669dc61123267d61784b9cd29a1791de0789,173bc3ede4a42bb61f367acaa5c27c5d3987b82a095d66d624679b67f1f99e74
ukpga/2000/2,ukpga,2000,True,True,4,4,https://www.legislation.gov.uk/ukpga/2000/2/enacted/data.xml,https://www.legislation.gov.uk/ukpga/2000/2/data.xml,available,available,371455,687338,e5fdc13e282e4da7fa852e4588d2b93a5603fcd02119acb0e6c5d4720c70f63a,c23f9474d2736a997f36a1e6c3111efc2f500359cdab1839fed04f40c221a67a
ukpga/2002/29,ukpga,2002,True,True,69,69,https://www.legislation.gov.uk/ukpga/2002/29/enacted/data.xml,https://www.legislation.gov.uk/ukpga/2002/29/data.xml,available,available,2592963,11345635,0a67d96b4359e611df4f56b1084309ea6c786dc00ae1ec4a3f88474f0562d649,ba6e8bcfefb2d61586f6b841e4d2c887b097ecfbb34ad56fa85303dd12997722
ukpga/2000/27,ukpga,2000,True,True,8,8,https://www.legislation.gov.uk/ukpga/2000/27/enacted/data.xml,https://www.legislation.gov.uk/ukpga/2000/27/data.xml,available,available,867738,1621277,6cd06ee486c7db00a1e76dd1c83b93097cc911bbced7acfca9a214e7209ee860,1ac6c806b37dff5c32f3e26721647090f85f3a973f19ece4280df1551c9d6582
ukpga/2010/17,ukpga,2010,True,True,2,2,https://www.legislation.gov.uk/ukpga/2010/17/enacted/data.xml,https://www.legislation.gov.uk/ukpga/2010/17/data.xml,available,available,584138,547786,dfc10f77983e0619f4c69b0cc4c67c82853684e0ecfb36b2d89b647537cd136c,90296745b383f2ed45d31aa1f85fd29157803f47e55e33d27e3b19e3c276e8f2
ukpga/2012/10,ukpga,2012,True,True,25,25,https://www.legislation.gov.uk/ukpga/2012/10/enacted/data.xml,https://www.legislation.gov.uk/ukpga/2012/10/data.xml,available,available,2212679,2627175,05e67f8a89b3fc7bde2a46fa9374a08db011b6f56881e2e014d5ddfb4bb2b7ad,ea58f87913d11ad56dabdd5bbb2fac9f975ea4ff613d7df91afb06d064fe6e0a
ukpga/2020/16,ukpga,2020,True,True,1,1,https://www.legislation.gov.uk/ukpga/2020/16/enacted/data.xml,https://www.legislation.gov.uk/ukpga/2020/16/data.xml,available,available,257042,275655,799e046dda9890a98187c54c369f69e732598966c552f78ff26d4b628204c56c,74c320b75bb4e2a8206f27a14865102aca7a49503a31d28481a7b5240f2903b2
ukpga/2022/30,ukpga,2022,True,True,21,21,https://www.legislation.gov.uk/ukpga/2022/30/enacted/data.xml,https://www.legislation.gov.uk/ukpga/2022/30/data.xml,available,available,2943762,2991058,e4d3fce489898262ede80246e62fd993bf6eccd4acf503174a7c8ef92edb9f49,e9d9b11b606cb01e54da89d9faa4c2c9040ca613b938d0ce09541e3bbe5987f0
asc/2024/1,asc,2024,True,True,1,1,https://www.legislation.gov.uk/asc/2024/1/enacted/data.xml,https://www.legislation.gov.uk/asc/2024/1/data.xml,available,available,17095,19133,22d49352b5699f03c4b35ad828263a9b1903e3b9e9ebad11c8fd58a8f2d38ff0,f353639bda4416c14c2a5a6120c21c3a91f9c2324f1741098958246301e19c47
asp/2000/8,asp,2000,True,True,1,1,https://www.legislation.gov.uk/asp/2000/8/enacted/data.xml,https://www.legislation.gov.uk/asp/2000/8/data.xml,available,available,21765,21868,9841f03dbb7317258e4b9d6e441c4423b67843e0efaed5e165e3c9ce60bab197,65acd23176cd461f3b7f6d21ba5b4e06a6acff2c8263e2617632b23bc1511e95
asp/2004/4,asp,2004,True,True,6,6,https://www.legislation.gov.uk/asp/2004/4/enacted/data.xml,https://www.legislation.gov.uk/asp/2004/4/data.xml,available,available,292989,672941,5b6517e1e20b9010f91f51355b3f9898afd13632d800b492e1cd6e96cd100be1,35e4d36905fb5dc1e526f7adef06bcffe9b6e16cdbe402b6bdf4f1859cf32e11
asp/2010/3,asp,2010,True,True,3,3,https://www.legislation.gov.uk/asp/2010/3/enacted/data.xml,https://www.legislation.gov.uk/asp/2010/3/data.xml,available,available,169838,395819,eaf6988eb8554a33fd074cc66151a8cdd7e9bde20bca14574f04c9a64854e927,38fb384cf0be7b7f9cdbf66b9b75f9a1bd36d450d34ef8ce9c77c25f6986d7d8
asp/2013/11,asp,2013,True,True,12,12,https://www.legislation.gov.uk/asp/2013/11/enacted/data.xml,https://www.legislation.gov.uk/asp/2013/11/data.xml,available,available,869826,1865573,68ecb0c2eeba85d9e138648b27e96cf18ebe2729fb46d70908bb3d16e8c9da4f,925cb47beccd2e67ea513860bdbcaf2d28e34c88570b88a0cb1ab505dce579ef
asp/2020/18,asp,2020,True,True,1,1,https://www.legislation.gov.uk/asp/2020/18/enacted/data.xml,https://www.legislation.gov.uk/asp/2020/18/data.xml,available,available,114933,127820,836c8c2f48bdc529616e23bb9ce33b905274c5070df0bb9aef2faa21244dae04,430f3b44223759ad13428015771c2aa05d5a957452c8fa8cf7314ebb15c34408
nia/2001/12,nia,2001,True,True,1,1,https://www.legislation.gov.uk/nia/2001/12/enacted/data.xml,https://www.legislation.gov.uk/nia/2001/12/data.xml,available,available,28456,30220,9e5ca8cade4579978c112337137f3ddc4bc90c1dd4db9aab7b3dc20ce9da197c,0f04a4b341630c052cfe5fe0fd93dfce9b5928579f91e926275a7c6ebfa5d201
nia/2010/3,nia,2010,True,True,1,1,https://www.legislation.gov.uk/nia/2010/3/enacted/data.xml,https://www.legislation.gov.uk/nia/2010/3/data.xml,available,available,38631,41014,b908a2eb397ebd68c033945a52d9c0414d983d3ddad22899fa7f130ab98e2829,e859a34f5a97f6b7ee189f689458974d5551c1a392eef4d82963e5e78cb8e47c
nia/2021/3,nia,2021,True,True,1,1,https://www.legislation.gov.uk/nia/2021/3/enacted/data.xml,https://www.legislation.gov.uk/nia/2021/3/data.xml,available,available,60511,61370,d377370bf34e1e797003f388984e567227cc138c9fe61b4f3890695eb2a2fc29,c429adad808b84a22faa131b1b278200291d2769472aa35a27613340056b4f50
ukpga/1990/2,ukpga,1990,True,True,1,1,https://www.legislation.gov.uk/ukpga/1990/2/enacted/data.xml,https://www.legislation.gov.uk/ukpga/1990/2/data.xml,available,available,7862,8122,3deb3a1dee64e418cbcd259661f8a9df334b4bd9b676a29e938295177b999c39,2fdeb5bd96302793397c5d521116fbb9f0e77a191b989030389bc47341387522
ukpga/1992/14,ukpga,1992,True,True,26,26,https://www.legislation.gov.uk/ukpga/1992/14/enacted/data.xml,https://www.legislation.gov.uk/ukpga/1992/14/data.xml,available,available,1372087,3811557,af995bf5f5715bc7660f7e12454b9a567598cdadfa0f9114261aae646b4eaaa6,f7655df9be2bc989279863c5d74f691b42b1f4758aed540033005a571abeb812
ukpga/1991/55,ukpga,1991,True,True,7,7,https://www.legislation.gov.uk/ukpga/1991/55/enacted/data.xml,https://www.legislation.gov.uk/ukpga/1991/55/data.xml,available,available,629865,1452623,08d8dd9ad1216387fc12d23a51a514f5ed5e148379e79907c3d992ebc1c3eb1c,55a1e2636c42935416f1ab07f32c64349d33800b791b80450ccaf01536ef0b41
ukpga/2000/20,ukpga,2000,True,True,2,2,https://www.legislation.gov.uk/ukpga/2000/20/enacted/data.xml,https://www.legislation.gov.uk/ukpga/2000/20/data.xml,available,available,180789,252171,59a4d24bcb26b7dd38faab862cd51cf54445850af9db1af067f8b281296d9dd2,e81fab33102d5e5b7304e1cad25834286cd06578fb3906cfe07fcdb960b9fd21
ukpga/2002/30,ukpga,2002,True,True,38,38,https://www.legislation.gov.uk/ukpga/2002/30/enacted/data.xml,https://www.legislation.gov.uk/ukpga/2002/30/data.xml,available,available,1188811,4485750,70177d733b341d795a711582b8c8cfdada65a35ab01f988ddbda01a9a59b0ccd,e5fe05725a3c882133fe958c13193565b478f5bfa7bc684d53d23d80c06846e5
ukpga/2000/32,ukpga,2000,True,True,9,9,https://www.legislation.gov.uk/ukpga/2000/32/enacted/data.xml,https://www.legislation.gov.uk/ukpga/2000/32/data.xml,available,available,628780,1422014,77f3a3b07a89a809f2153472fbb2da9e42775976a713f289fd28a316c7cca26b,9a2860aec741285074e4d9bb59ba9efce53a50ba2d1122c487a69a894a51146b
ukpga/2010/18,ukpga,2010,True,True,1,1,https://www.legislation.gov.uk/ukpga/2010/18/enacted/data.xml,https://www.legislation.gov.uk/ukpga/2010/18/data.xml,available,available,14845,8320,b3784c3ec5462c0c4fb90440503ef05dce085f62f52c63b2c8cab61a3f778dd9,bc585b73e0bbd8ef91faa8df304d5e6fab3cda7ecea2e85eb922ded0281a008f
ukpga/2012/14,ukpga,2012,True,True,6,6,https://www.legislation.gov.uk/ukpga/2012/14/enacted/data.xml,https://www.legislation.gov.uk/ukpga/2012/14/data.xml,available,available,4239582,4273099,eca29a43e69b9f161c687f16784c7abe1bc58feae2090053e3cc36d1f371e0b2,2e64572178c9fe2015cd58dc7ae368e17a7920f0e3a6e5f44d83c38fd6ded3e0
